data;pedido_numero;quantidade;valor_unitario;canal;codigo_pdv;;
45809;47923;1;115,9;;91;;
45809;47923;1;14,9;;64;;
45809;47924;5;6,9;;338;;
45809;47925;1;25,9;;15;;
45809;47925;1;6,1;;56;;
45809;47926;1;84,9;;89;;
45809;47926;1;39,9;;27;;
45809;47926;1;26,9;;24;;
45809;47926;1;26,9;;24;;
45809;47926;2;6,9;;338;;
45809;47927;1;49,9;;45;;
45809;47927;1;17,9;;47;;
45809;47927;1;17,4;;48;;
45809;47927;1;34,9;;31;;
45809;47928;1;119,9;;146;;
45809;47929;1;85,9;;91;;
45809;47929;1;5,9;;14;;
45809;47930;5;4;;62;;
45809;47931;1;139,8;;146;;
45809;47932;1;37,9;;19;;
45809;47933;1;34,9;;33;;
45809;47934;1;15,9;;46;;
45809;47934;1;26,9;;38;;
45809;47934;1;4,2;;6;;
45809;47934;1;31,9;;30;;
45809;47935;1;59,9;;88;;
45809;47937;1;59,9;;88;;
45809;47938;1;59,9;;88;;
45809;47939;1;31,9;;30;;
45809;47939;1;39,9;;45;;
45809;47941;1;99,9;;17;;
45809;47941;1;69,9;;90;;
45809;47941;1;10,9;;76;;
45809;47941;1;11,9;;75;;
45809;47941;1;4,8;;63;;
45809;47942;1;85,9;;91;;
45809;47943;1;85,9;;91;;
45809;47944;1;85,9;;91;;
45809;47941;1;4;;62;;
45809;47940;1;125,9;;147;;
45810;47946;1;68,9;;88;;
45810;47947;1;3,9;;80;;
45811;47948;1;26,9;;38;;
45811;47948;1;4,9;;63;;
45811;47949;1;59,9;;88;;
45811;47950;1;85,9;;91;;
45812;47951;1;85,9;;90;;
45812;47951;1;6,8;;13;;
45812;47952;1;85,9;;243;;
45812;47952;1;0,01;;6;;
45812;47953;1;34,9;;31;;
45812;47954;1;85,9;;90;;
45812;47955;1;54,89;;88;;
45812;47955;1;9,9;;78;;
45812;47955;1;9,8;;208;;
45812;47956;1;31,9;;30;;
45812;47956;1;27,5;;219;;
45812;47956;1;18,9;;43;;
45812;47955;1;4,8;;63;;
45812;47955;1;0,01;;7;;
45812;47957;1;78,9;;335;;
45812;47957;1;10,8;;208;;
45812;47957;1;19,9;;219;;
45812;47958;1;36,9;;19;;
45812;47955;1;27,9;;44;;
45812;47955;1;9,8;;208;;
45812;47959;1;31,9;;30;;
45812;47960;1;31,9;;30;;
45812;47960;1;15,9;;64;;
45813;47961;1;34,9;;31;;
45813;47962;1;59,9;;88;;
45813;47962;1;14,9;;48;;
45814;47963;1;79,9;;242;;
45814;47964;1;31,9;;30;;
45814;47965;1;31,9;;30;;
45814;47966;1;85,9;;90;;
45814;47966;1;85,9;;90;;
45814;47967;1;84,9;;89;;
45814;47968;1;85,9;;91;;
45814;47970;1;85,9;;243;;
45814;47971;1;69,9;;90;;
45814;47972;1;109,9;;147;;
45814;47972;1;64,9;;335;;
45814;47973;1;123,9;;18;;
45814;47974;1;68,9;;88;;
45814;47975;1;85,9;;91;;
45814;47976;1;44,9;;45;;
45814;47976;1;3,9;;12;;
45814;47976;1;5,9;;8;;
45814;47976;1;3,9;;6;;
45814;47976;1;5,9;;9;;
45814;47976;1;55,9;;143;;
45814;47978;1;119,9;;146;;
45814;47981;1;64,9;;335;;
45814;47982;1;59,9;;88;;
45814;47984;1;85,9;;91;;
45814;47984;1;5,9;;10;;
45814;47985;1;79,9;;242;;
45814;47985;1;85,9;;91;;
45814;47985;2;12,9;;70;;
45814;47985;1;0,01;;6;;
45814;47986;1;12,9;;70;;
45814;47987;1;12,9;;70;;
45814;47988;1;11,9;;68;;
45814;47988;1;6,9;;56;;
45815;47989;1;68,9;;88;;
45815;47989;1;85,9;;90;;
45815;47989;1;4,2;;6;;
45815;47989;1;4,2;;8;;
45815;47989;1;4,2;;6;;
45815;47989;1;4,2;;12;;
45815;47989;1;4,2;;11;;
45815;47989;1;4,2;;214;;
45815;47990;1;34,9;;31;;
45815;47991;1;26,9;;36;;
45815;47992;1;59,9;;88;;
45815;47993;1;33,9;;25;;
45815;47994;4;7,9;;217;;
45815;47994;1;5,9;;10;;
45815;47994;1;0,01;;8;;
45815;47995;1;119,9;;146;;
45815;47995;2;5,9;;7;;
45815;47996;1;139,8;;146;;
45815;47997;1;39,9;;28;;
45815;47997;1;36,9;;19;;
45815;47997;1;15,9;;66;;
45815;47997;1;24,9;;38;;
45815;47998;1;69,9;;90;;
45815;47999;1;85,9;;90;;
45815;47999;3;6,8;;8;;
45815;48000;1;109,9;;147;;
45815;48001;1;69,9;;90;;
45815;48002;1;35,9;;21;;
45815;48003;1;104,9;;89;;
45815;48004;1;31,9;;30;;
45815;48004;1;23,9;;44;;
45815;48005;1;119,9;;146;;
45815;48005;1;85,9;;91;;
45815;48006;1;103,9;;243;;
45815;48007;1;69,9;;90;;
45815;48008;1;119,9;;146;;
45815;48008;1;3,9;;12;;
45816;48009;1;68,9;;88;;
45816;48009;1;18,9;;41;;
45816;48010;1;85,9;;90;;
45816;48010;1;4,2;;6;;
45816;48011;1;24,9;;47;;
45816;48011;1;78,9;;335;;
45816;48011;1;6,8;;12;;
45816;48012;1;34,9;;33;;
45816;48013;1;78,9;;335;;
45816;48013;1;19,9;;219;;
45816;48014;1;63,4;;132;;
45816;48014;1;3,9;;80;;
45816;48014;1;58,91;;127;;
45816;48015;5;6,9;;50;;
45816;48016;1;109,9;;147;;
45816;48016;1;24,9;;42;;
45816;48017;1;34,9;;31;;
45816;48016;1;6,9;;55;;
45816;48018;1;115,9;;91;;
45816;48018;1;25,9;;15;;
45816;48018;1;17,9;;47;;
45816;48018;1;17,4;;48;;
45816;48018;1;18,9;;41;;
45816;48018;1;26,9;;38;;
45816;48019;1;97,9;;337;;
45816;48020;1;97,9;;337;;
45816;48021;1;109,9;;147;;
45816;48022;3;33,9;;24;;
45816;48022;1;33,9;;25;;
45816;48022;1;37,9;;22;;
45816;48023;1;42,9;;134;;
45816;48025;1;85,9;;243;;
45816;48026;1;85,9;;90;;
45816;48027;1;18,9;;44;;
45816;48027;5;7,9;;217;;
45816;48028;1;59,9;;88;;
45817;48029;1;34,9;;31;;
45817;48030;1;68,9;;88;;
45817;48031;3;39,9;;28;;
45817;48032;1;85,9;;90;;
45817;48033;1;43,51;;134;;
45817;48034;1;31,9;;30;;
45817;48034;1;6,9;;55;;
45817;48035;1;12,9;;66;;
45817;48035;1;31,9;;30;;
45817;48036;1;56,9;;245;;
45817;48037;1;33,9;;31;;
45817;48037;1;9,8;;208;;
45818;48038;1;85,9;;90;;
45818;48038;1;6,1;;56;;
45818;48039;1;85,9;;90;;
45818;48040;1;85,9;;243;;
45818;48040;1;20,9;;339;;
45818;48041;1;44,9;;211;;
45818;48041;1;3,5;;83;;
45818;48041;1;3,5;;85;;
45818;48041;1;2,9;;84;;
45818;48042;1;85,9;;243;;
45818;48043;1;69,9;;90;;
45818;48044;1;69,9;;90;;
45818;48044;1;24,9;;42;;
45818;48045;1;85,9;;90;;
45818;48046;2;26,9;;24;;
45818;48047;1;31,9;;30;;
45818;48047;1;13,9;;73;;
45818;48048;1;64,9;;335;;
45818;48049;1;84,9;;89;;
45818;48049;3;6,9;;338;;
45818;48049;1;5,9;;13;;
45819;48050;1;33,9;;31;;
45819;48051;1;109,9;;147;;
45819;48052;4;33,9;;25;;
45819;48053;1;25,9;;15;;
45819;48053;1;4,2;;6;;
45819;48054;1;85,9;;91;;
45819;48055;1;43,51;;134;;
45819;48056;1;99,9;;17;;
45819;48056;2;9,9;;74;;
45819;48056;1;6,9;;55;;
45819;48057;1;43,9;;35;;
45819;48058;1;54,89;;88;;
45819;48059;1;46,9;;136;;
45819;48060;1;68,9;;88;;
45819;48061;1;42,9;;134;;
45819;48062;1;18,9;;41;;
45819;48062;1;33,9;;25;;
45819;48062;1;33,9;;24;;
45819;48063;1;42,9;;35;;
45819;48063;1;31,9;;30;;
45820;48065;1;19,9;;219;;
45820;48066;1;97,9;;337;;
45820;48067;1;85,9;;91;;
45820;48068;1;59,9;;145;;
45820;48068;1;37,9;;22;;
45820;48068;1;6,8;;6;;
45820;48069;1;37,9;;22;;
45820;48069;1;33,9;;24;;
45820;48069;1;31,9;;30;;
45820;48070;1;31,9;;36;;
45820;48071;1;36,9;;20;;
45820;48071;1;35,9;;22;;
45820;48071;1;119,9;;146;;
45820;48072;1;68,9;;88;;
45820;48073;1;97,9;;337;;
45820;48074;1;79,9;;243;;
45820;48077;1;46,9;;136;;
45820;48076;1;119,9;;146;;
45820;48078;1;79,9;;243;;
45820;48078;1;3,9;;7;;
45820;48081;1;31,9;;30;;
45821;48082;1;59,9;;88;;
45821;48082;1;17,9;;43;;
45821;48084;1;97,9;;337;;
45821;48084;1;5,9;;14;;
45821;48085;1;64,9;;335;;
45821;48085;1;5,9;;12;;
45821;48086;1;79,9;;243;;
45821;48087;1;85,9;;91;;
45821;48088;1;85,9;;90;;
45821;48089;1;34,9;;31;;
45821;48090;1;79,9;;243;;
45821;48090;1;36,9;;19;;
45821;48093;1;85,9;;90;;
45821;48094;1;59,9;;88;;
45821;48094;1;3,9;;214;;
45821;48095;1;48,9;;130;;
45821;48096;1;64,9;;335;;
45821;48096;1;3,9;;8;;
45821;48096;1;10,9;;76;;
45821;48097;1;109,9;;147;;
45821;48099;1;85,9;;91;;
45821;48083;1;139,8;;146;;
45822;48100;1;85,9;;90;;
45822;48101;1;34,9;;31;;
45822;48102;1;59,9;;88;;
45822;48102;1;14,9;;215;;
45822;48102;1;14,9;;215;;
45822;48103;1;78,9;;335;;
45822;48103;1;19,9;;219;;
45822;48103;2;6,8;;8;;
45822;48104;1;34,9;;31;;
45822;48105;1;69,9;;90;;
45822;48106;1;4,2;;214;;
45822;48107;1;84,9;;89;;
45822;48108;1;85,9;;90;;
45822;48109;1;17,4;;48;;
45822;48110;1;35,9;;22;;
45822;48110;1;85,9;;91;;
45822;48110;1;3,9;;214;;
45822;48110;1;3,9;;8;;
45822;48110;1;3,9;;10;;
45822;48110;1;3,9;;12;;
45822;48110;1;5,9;;14;;
45822;48110;1;26,9;;24;;
45822;48110;1;44,9;;211;;
45822;48111;1;39,9;;27;;
45822;48111;1;36,9;;19;;
45822;48111;1;14,9;;48;;
45822;48112;1;84,9;;89;;
45822;48112;1;85,9;;91;;
45822;48113;1;31,9;;30;;
45822;48113;1;29,9;;42;;
45822;48113;1;23,9;;44;;
45822;48116;1;109,9;;147;;
45822;48117;1;85,9;;90;;
45822;48117;1;38,9;;42;;
45822;48118;1;85,9;;91;;
45822;48118;1;24,9;;42;;
45822;48118;1;15,9;;64;;
45822;48109;1;139,8;;146;;
45822;48119;1;105,8;;143;;
45822;48106;1;139,8;;146;;
45822;48120;1;85,9;;91;;
45822;48120;1;35,9;;42;;
45822;48120;1;16,9;;49;;
45822;48120;1;15,9;;64;;
45822;48121;1;119,9;;146;;
45822;48120;1;11,9;;68;;
45822;48121;1;4;;62;;
45823;48122;3;37,9;;22;;
45823;48122;1;41,3;;21;;
45823;48122;1;48,9;;41;;
45823;48123;1;37,9;;22;;
45823;48123;1;2;;85;;
45823;48123;1;2;;84;;
45823;48124;1;119,9;;17;;
45823;48124;1;14,9;;65;;
45823;48124;1;12,9;;66;;
45823;48124;1;29,9;;42;;
45823;48125;1;139,8;;146;;
45823;48126;1;34,9;;31;;
45823;48126;1;4,2;;6;;
45823;48127;1;31,9;;30;;
45823;48128;1;85,9;;90;;
45823;48128;1;6,8;;13;;
45823;48129;1;68,9;;88;;
45823;48123;1;56,9;;128;;
45823;48123;1;2,9;;84;;
45823;48130;1;68,9;;88;;
45823;48131;2;10,9;;76;;
45823;48131;1;6,8;;13;;
45823;48131;1;4,2;;8;;
45823;48132;1;69,9;;90;;
45823;48133;1;34,9;;31;;
45823;48134;1;54,9;;34;;
45823;48134;1;17,9;;47;;
45823;48135;1;12,9;;46;;
45823;48135;1;79,9;;242;;
45823;48136;1;56,9;;245;;
45823;48139;1;99,9;;17;;
45823;48139;1;15,9;;66;;
45823;48140;1;34,9;;31;;
45823;48140;1;27,5;;219;;
45825;48141;1;161,81;;243;;
45825;48142;1;84,9;;89;;
45825;48142;1;5,9;;9;;
45825;48142;1;5,9;;6;;
45825;48142;1;5,9;;12;;
45825;48143;1;20,9;;339;;
45825;48143;1;69,9;;90;;
45825;48143;1;39,9;;27;;
45825;48144;1;69,9;;90;;
45825;48146;1;85,9;;90;;
45825;48147;1;85,9;;91;;
45825;48148;1;84,9;;89;;
45825;48148;1;14,9;;64;;
45825;48149;1;104,9;;18;;
45825;48149;1;15,7;;215;;
45825;48145;1;139,8;;146;;
45825;48149;1;11,9;;75;;
45825;48150;1;109,9;;147;;
45826;48151;1;54,9;;127;;
45826;48152;1;85,9;;91;;
45826;48153;1;54,89;;88;;
45826;48154;1;34,9;;31;;
45826;48154;1;42,9;;35;;
45826;48155;1;68,9;;88;;
45826;48156;1;119,9;;146;;
45826;48157;1;115,9;;146;;
45826;48157;1;7,8;;120;;
45826;48160;1;119,9;;146;;
45826;48160;1;4;;62;;
45826;48161;1;34,9;;33;;
45826;48161;1;3,9;;14;;
45826;48158;1;125,9;;147;;
45826;48160;1;24,9;;38;;
45827;48162;1;29,9;;42;;
45827;48162;1;10,9;;76;;
45827;48162;1;125,9;;147;;
45827;48163;1;119,9;;146;;
45827;48164;1;68,9;;88;;
45827;48165;1;32,9;;332;;
45827;48166;1;10,9;;76;;
45827;48166;1;68,9;;88;;
45827;48167;1;37,9;;22;;
45827;48167;1;2;;84;;
45827;48167;2;47,9;;211;;
45827;48167;1;17,4;;48;;
45827;48168;1;95,9;;91;;
45827;48169;1;115,9;;91;;
45827;48169;1;23,9;;44;;
45827;48170;1;119,9;;146;;
45827;48171;1;17,9;;43;;
45827;48171;1;24,9;;38;;
45827;48172;1;104,9;;89;;
45827;48172;1;54,9;;34;;
45827;48172;1;14,9;;65;;
45827;48173;4;7,9;;217;;
45827;48173;1;3,9;;7;;
45827;48173;1;3,9;;8;;
45827;48174;1;31,9;;30;;
45827;48174;1;6,9;;50;;
45827;48176;1;36,9;;19;;
45827;48176;1;44,9;;211;;
45827;48176;1;8,9;;86;;
45827;48176;1;14,9;;41;;
45827;48171;1;24,9;;38;;
45827;48171;1;24,9;;38;;
45827;48177;1;34,9;;31;;
45827;48179;1;115,9;;91;;
45827;48178;1;69,9;;90;;
45827;48178;1;9,8;;208;;
45827;48181;1;34,9;;33;;
45827;48181;1;18,9;;44;;
45827;48181;1;6,9;;51;;
45827;48182;1;59,9;;88;;
45827;48182;1;5,9;;11;;
45827;48182;1;15,9;;65;;
45827;48183;1;69,9;;90;;
45827;48183;1;6,9;;55;;
45827;48183;2;12,9;;70;;
45827;48185;2;12,9;;70;;
45827;48185;1;6,9;;55;;
45827;48186;2;33,9;;24;;
45827;48171;1;126,9;;146;;
45827;48187;1;59,9;;88;;
45827;48188;1;84,9;;89;;
45827;48188;1;39,9;;27;;
45828;48189;1;34,9;;31;;
45828;48190;1;18,9;;44;;
45828;48190;1;18,9;;44;;
45828;48190;2;11,9;;75;;
45828;48190;1;26,9;;42;;
45828;48191;1;85,9;;90;;
45828;48192;1;97,9;;337;;
45828;48193;1;69,9;;90;;
45828;48193;1;24,9;;42;;
45828;48194;1;68,9;;88;;
45828;48195;1;115,9;;146;;
45828;48195;1;7,8;;120;;
45828;48196;1;20,9;;339;;
45828;48196;2;26,9;;24;;
45828;48197;1;25,9;;15;;
45828;48197;1;9,9;;207;;
45828;48198;1;59,9;;88;;
45828;48199;1;68,9;;88;;
45828;48199;1;12,9;;66;;
45828;48200;1;68,9;;88;;
45828;48201;1;109,9;;147;;
45828;48202;1;85,9;;243;;
45828;48203;2;15,7;;215;;
45828;48203;1;223,9;;328;;
45828;48203;1;10,9;;76;;
45828;48203;2;15,7;;215;;
45828;48204;4;15,7;;215;;
45828;48204;1;15,7;;215;;
45829;48205;1;31,9;;30;;
45829;48205;1;3,9;;8;;
45829;48205;1;7,9;;217;;
45829;48205;2;7,9;;217;;
45829;48206;1;5,5;;50;;
45829;48206;1;27,5;;219;;
45829;48207;1;59,9;;88;;
45829;48208;1;69,9;;90;;
45829;48209;1;85,9;;90;;
45829;48209;1;26,9;;38;;
45829;48212;1;95,9;;91;;
45829;48212;2;6,9;;338;;
45829;48213;1;24,9;;43;;
45829;48215;1;85,9;;90;;
45829;48215;1;17,4;;48;;
45829;48215;1;12,9;;66;;
45829;48216;1;84,9;;89;;
45829;48216;1;36,9;;19;;
45829;48216;1;69,9;;90;;
45829;48217;2;39,9;;28;;
45829;48217;2;9,9;;78;;
45829;48220;1;27,9;;44;;
45829;48221;1;64,9;;335;;
45829;48222;1;36,9;;19;;
45829;48222;1;31,9;;30;;
45829;48222;1;5,9;;13;;
45829;48222;1;3,9;;6;;
45829;48222;1;3,9;;10;;
45829;48222;1;31,9;;45;;
45829;48223;3;7,9;;217;;
45829;48224;1;85,9;;243;;
45829;48214;1;125,9;;147;;
45829;48225;1;95,9;;91;;
45829;48225;1;4;;62;;
45830;48226;1;15,9;;64;;
45830;48227;1;109,9;;147;;
45830;48228;1;103,9;;243;;
45830;48229;1;119,9;;146;;
45830;48230;1;68,9;;88;;
45830;48230;1;6,8;;12;;
45830;48231;1;64,9;;335;;
45830;48232;1;113,8;;245;;
45830;48233;1;34,9;;33;;
45830;48233;1;9,9;;74;;
45830;48233;1;34,9;;33;;
45830;48233;1;9,9;;78;;
45830;48234;1;119,9;;146;;
45830;48235;1;69,9;;90;;
45830;48235;1;64,9;;335;;
45830;48236;1;84,9;;89;;
45830;48236;1;15,9;;64;;
45830;48237;1;119,9;;146;;
45830;48238;1;59,9;;88;;
45830;48239;1;16,9;;49;;
45830;48239;1;15,9;;47;;
45830;48239;1;24,9;;42;;
45830;48239;1;59,9;;88;;
45830;48241;1;97,9;;337;;
45830;48239;1;15,9;;64;;
45830;48242;1;79,9;;242;;
45830;48243;1;31,9;;30;;
45830;48244;1;119,9;;146;;
45830;48245;1;97,9;;337;;
45830;48245;1;5,9;;7;;
45830;48246;1;51,9;;127;;
45830;48247;1;85,9;;90;;
45830;48247;1;6,5;;214;;
45831;48248;1;68,9;;88;;
45831;48248;1;6,8;;13;;
45831;48249;1;119,9;;146;;
45831;48250;1;14,9;;41;;
45831;48250;1;15,9;;64;;
45831;48250;1;64,9;;335;;
45831;48250;1;5,9;;6;;
45832;48251;3;6,9;;338;;
45832;48252;3;7,9;;217;;
45832;48253;1;79,9;;242;;
45832;48254;1;56,9;;245;;
45832;48255;1;84,9;;89;;
45832;48256;1;29,9;;31;;
45832;48257;1;95,9;;91;;
45832;48258;1;59,9;;88;;
45832;48259;1;97,9;;337;;
45832;48260;1;46,9;;136;;
45832;48260;1;2,5;;80;;
45832;48260;1;2,5;;85;;
45832;48260;1;2;;85;;
45832;48260;1;2;;81;;
45833;48261;1;5,5;;50;;
45833;48261;1;19,9;;219;;
45833;48261;1;17,4;;48;;
45833;48261;1;4,2;;9;;
45833;48262;1;85,9;;90;;
45833;48262;1;18,9;;41;;
45833;48263;1;34,9;;31;;
45833;48264;1;69,9;;90;;
45833;48264;1;5,9;;14;;
45833;48264;1;24,9;;38;;
45833;48264;1;9,8;;208;;
45833;48265;1;104,9;;89;;
45833;48265;1;78,9;;335;;
45833;48265;1;57,9;;42;;
45833;48266;1;68,9;;88;;
45833;48267;1;84,9;;89;;
45833;48268;1;85,9;;243;;
45833;48269;1;69,9;;90;;
45833;48269;1;5,9;;7;;
45833;48270;3;7,9;;217;;
45833;48271;1;83,8;;136;;
45833;48271;1;3,9;;8;;
45833;48272;1;79,9;;242;;
45834;48273;2;15,7;;215;;
45834;48273;1;26,9;;36;;
45834;48273;1;15,7;;215;;
45834;48274;1;115,9;;91;;
45834;48275;1;85,9;;90;;
45834;48276;1;119,9;;146;;
45834;48278;1;69,9;;90;;
45834;48278;1;21,9;;47;;
45834;48279;1;119,9;;146;;
45835;48280;1;37,9;;19;;
45835;48281;1;68,9;;88;;
45835;48282;1;31,9;;30;;
45835;48283;1;119,9;;146;;
45835;48285;1;14,9;;41;;
45835;48285;1;17,9;;43;;
45835;48285;1;29,9;;219;;
45835;48285;1;36,9;;19;;
45835;48285;1;35,9;;22;;
45835;48284;1;119,9;;146;;
45835;48286;1;119,9;;146;;
45835;48286;1;17,9;;43;;
45835;48286;1;24,9;;38;;
45835;48286;1;24,9;;38;;
45835;48287;1;59,9;;88;;
45835;48289;1;36,9;;19;;
45835;48289;1;44,9;;211;;
45835;48289;1;8,9;;86;;
45835;48289;1;14,9;;41;;
45835;48290;1;95,9;;91;;
45835;48291;1;54,9;;127;;
45835;48291;1;10,9;;76;;
45835;48292;1;95,9;;91;;
45835;48292;3;7,9;;217;;
45835;48293;1;69,9;;90;;
45835;48294;1;69,9;;90;;
45835;48296;1;119,9;;146;;
45835;48297;1;24,9;;42;;
45835;48297;1;69,9;;90;;
45835;48297;1;5,9;;9;;
45835;48298;1;59,9;;88;;
45835;48299;1;56,9;;245;;
45835;48300;1;31,9;;30;;
45836;48301;1;109,9;;147;;
45836;48302;1;189,8;;147;;
45836;48303;1;125,9;;147;;
45836;48304;1;79,9;;242;;
45836;48304;1;24,9;;38;;
45836;48305;1;139,8;;146;;
45836;48306;1;119,9;;146;;
45836;48307;1;109,9;;147;;
45836;48308;1;85,9;;90;;
45836;48309;1;59,9;;88;;
45836;48309;1;69,9;;90;;
45836;48309;1;20,9;;48;;
45836;48310;1;45,9;;34;;
45836;48311;1;85,9;;243;;
45836;48311;2;15,7;;215;;
45836;48312;1;125,9;;147;;
45836;48314;1;64,9;;335;;
45836;48314;1;14,9;;48;;
45836;48315;1;109,9;;147;;
45836;48315;1;15,7;;215;;
45836;48316;1;33,9;;25;;
45836;48316;1;68,9;;88;;
45836;48315;1;15,7;;215;;
45836;48317;1;59,9;;88;;
45837;48319;1;68,9;;88;;
45837;48319;1;14,9;;64;;
45837;48320;1;223,9;;328;;
45837;48321;1;34,9;;31;;
45837;48322;1;59,9;;245;;
45837;48323;1;59,9;;88;;
45837;48323;1;5,9;;8;;
45837;48323;1;35,9;;21;;
45837;48323;1;0,01;;7;;
45837;48323;1;12,9;;70;;
45837;48323;1;6,9;;50;;
45837;48324;1;85,9;;90;;
45837;48324;1;6,8;;13;;
45837;48325;1;9,9;;74;;
45837;48325;1;64,9;;335;;
45837;48326;1;45,9;;32;;
45837;48326;1;16,9;;49;;
45837;48327;1;29,9;;23;;
45837;48327;1;2;;85;;
45837;48328;1;85,9;;90;;
45837;48329;1;64,9;;335;;
45837;48330;1;33,9;;31;;
45837;48330;1;15,9;;65;;
45837;48331;1;115,9;;91;;
45837;48332;1;78,9;;335;;
45837;48332;1;78,9;;335;;
45837;48333;1;27,9;;16;;
45837;48333;1;103,9;;243;;
45837;48333;1;4,2;;6;;
45837;48334;1;13,9;;78;;
45837;48334;1;85,9;;90;;
45837;48335;1;9,9;;74;;
45837;48335;1;31,9;;30;;
45837;48336;1;69,9;;90;;
45838;48339;1;68,9;;88;;
45838;48340;1;31,9;;30;;
45838;48343;1;24,9;;42;;
45838;48343;1;95,9;;91;;
45838;48342;1;119,9;;146;;
45838;48344;1;33,9;;24;;
45838;48344;1;43,51;;134;;
45838;48345;1;59,9;;88;;
45838;48345;2;12,9;;70;;
45838;48341;1;139,8;;146;;
45839;48346;1;15,7;;215;;
45839;48346;1;26,9;;36;;
45839;48346;1;15,7;;215;;
45839;48347;1;119,9;;146;;
45839;48347;1;5,9;;7;;
45839;48348;1;43,9;;136;;
45839;48349;1;115,9;;91;;
45839;48350;1;89,9;;243;;
45839;48350;1;3,9;;14;;
45839;48351;1;109,9;;147;;
45839;48352;1;95,9;;91;;
45839;48353;1;6,8;;8;;
45839;48353;1;6,8;;14;;
45839;48353;1;85,9;;90;;
45839;48354;1;69,9;;90;;
45839;48354;1;15,9;;64;;
45839;48355;1;78,9;;335;;
45839;48354;1;15,7;;215;;
45839;48356;1;69,9;;90;;
45839;48356;1;5,9;;14;;
45839;48357;1;4,2;;9;;
45839;48357;1;85,9;;90;;
45839;48358;1;33,9;;24;;
45839;48358;1;31,9;;30;;
45839;48355;1;5,9;;11;;
45839;48355;1;5,9;;6;;
45839;48359;1;42,9;;35;;
45839;48360;1;95,9;;91;;
45839;48360;1;15,9;;64;;
45839;48361;1;54,9;;32;;
45840;48362;1;29,9;;332;;
45840;48362;1;0,01;;50;;
45840;48362;1;31,9;;30;;
45840;48363;3;37,9;;22;;
45840;48363;1;47,9;;211;;
45840;48363;1;25,9;;41;;
45840;48364;1;84,9;;89;;
45840;48365;1;54,89;;88;;
45840;48366;1;54,89;;88;;
45840;48367;1;95,9;;91;;
45840;48367;1;14,9;;41;;
45840;48368;1;123,9;;18;;
45840;48368;1;31,9;;36;;
45840;48369;1;64,9;;335;;
45840;48371;4;7,9;;217;;
45840;48371;1;39,9;;28;;
45840;48371;1;3,5;;83;;
45840;48371;1;3,9;;11;;
45840;48371;1;3,9;;9;;
45841;48373;1;31,9;;30;;
45841;48374;1;39,9;;33;;
45841;48374;1;42,9;;35;;
45841;48375;1;115,9;;146;;
45841;48375;1;7,8;;120;;
45841;48376;1;119,9;;146;;
45841;48377;1;85,9;;243;;
45841;48378;1;78,9;;335;;
45841;48378;1;4,2;;6;;
45842;48380;1;4,9;;63;;
45842;48380;1;31,9;;30;;
45842;48381;1;69,9;;90;;
45842;48381;1;18,9;;44;;
45842;48381;1;14,9;;41;;
45842;48382;1;31,9;;30;;
45842;48382;1;43,9;;35;;
45842;48383;1;39,9;;27;;
45842;48383;1;18,9;;44;;
45842;48382;1;6,9;;56;;
45842;48384;1;31,9;;30;;
45842;48385;3;6,9;;338;;
45842;48386;1;69,9;;90;;
45842;48386;1;15,9;;65;;
45842;48387;1;68,9;;88;;
45842;48387;1;39,9;;48;;
45842;48388;1;34,9;;31;;
45842;48389;1;25,9;;41;;
45842;48389;1;34,9;;31;;
45842;48389;1;34,9;;31;;
45842;48390;1;17,9;;43;;
45842;48390;1;79,9;;242;;
45842;48391;6;6,9;;338;;
45842;48391;1;15,9;;64;;
45842;48392;1;24,9;;42;;
45842;48392;1;69,9;;90;;
45842;48392;2;5,9;;7;;
45842;48393;1;84,9;;89;;
45842;48393;1;39,9;;28;;
45842;48393;1;14,9;;41;;
45842;48394;1;95,9;;91;;
45842;48394;1;59,9;;88;;
45842;48395;1;84,9;;89;;
45842;48395;1;7,9;;217;;
45842;48396;1;64,9;;335;;
45842;48397;3;6,9;;338;;
45842;48397;1;99,9;;17;;
45842;48398;1;25,9;;23;;
45842;48398;1;39,9;;27;;
45842;48399;1;18,9;;41;;
45842;48399;1;85,9;;90;;
45842;48398;1;109,9;;147;;
45842;48398;1;18,9;;44;;
45842;48398;1;15,7;;215;;
45842;48400;1;33,9;;31;;
45843;48401;1;59,9;;88;;
45843;48401;1;11,9;;75;;
45843;48401;1;10,9;;76;;
45843;48402;1;78,9;;335;;
45843;48403;1;31,9;;30;;
45843;48403;1;3,9;;8;;
45843;48403;1;7,9;;217;;
45843;48403;2;7,9;;217;;
45843;48404;1;85,9;;90;;
45843;48405;1;48,9;;28;;
45843;48405;1;39,9;;33;;
45843;48406;1;69,9;;90;;
45843;48407;1;26,9;;24;;
45843;48407;1;25,9;;23;;
45843;48407;1;35,9;;22;;
45843;48407;1;33,9;;31;;
45843;48408;1;95,9;;91;;
45843;48409;1;59,9;;88;;
45843;48409;1;24,9;;42;;
45843;48410;1;26,9;;24;;
45843;48410;1;3,9;;82;;
45843;48410;1;57,9;;143;;
45843;48411;2;11,9;;75;;
45843;48411;2;18,9;;44;;
45843;48411;1;24,9;;38;;
45843;48412;1;95,9;;91;;
45843;48413;1;59,9;;88;;
45843;48414;1;119,9;;146;;
45843;48414;1;5,9;;6;;
45843;48415;1;59,9;;88;;
45843;48416;1;34,9;;31;;
45843;48417;1;104,9;;18;;
45843;48417;1;5,9;;7;;
45843;48417;1;6,9;;50;;
45843;48417;1;6,9;;50;;
45843;48418;1;59,9;;88;;
45843;48418;1;31,9;;49;;
45843;48418;1;43,9;;35;;
45843;48418;1;12,9;;70;;
45843;48418;1;9,8;;208;;
45843;48419;1;119,9;;146;;
45843;48420;1;84,9;;89;;
45843;48420;1;45,9;;34;;
45844;48421;1;37,9;;19;;
45844;48421;1;6,8;;6;;
45844;48421;1;18,9;;41;;
45844;48421;1;39,9;;20;;
45844;48422;1;85,9;;90;;
45844;48423;1;78,9;;335;;
45844;48423;1;18,9;;41;;
45844;48423;1;27,9;;16;;
45844;48424;1;29,9;;23;;
45844;48424;1;37,9;;19;;
45844;48424;1;48,9;;28;;
45844;48424;1;2;;84;;
45844;48424;1;25,9;;41;;
45844;48424;1;6,8;;6;;
45844;48424;1;4,2;;14;;
45844;48425;1;85,9;;90;;
45844;48426;1;85,9;;90;;
45844;48427;1;31,9;;30;;
45844;48428;1;23,9;;44;;
45844;48428;1;17,4;;48;;
45844;48428;1;26,9;;38;;
45844;48428;1;29,9;;37;;
45844;48428;1;139,8;;146;;
45844;48429;1;95,9;;91;;
45844;48430;1;139,8;;146;;
45844;48431;1;14,9;;41;;
45844;48431;2;35,9;;21;;
45844;48432;1;103,9;;243;;
45844;48433;1;85,9;;90;;
45844;48434;1;33,9;;31;;
45844;48434;1;33,9;;31;;
45844;48434;1;6,9;;56;;
45844;48435;1;69,9;;90;;
45844;48436;1;139,8;;146;;
45846;48437;1;84,8;;242;;
45846;48438;1;25,9;;23;;
45846;48439;1;79,9;;242;;
45846;48440;1;84,9;;89;;
45846;48441;1;104,9;;89;;
45846;48440;1;20,9;;48;;
45846;48442;1;18,9;;43;;
45846;48442;1;4,2;;6;;
45846;48442;1;85,9;;90;;
45846;48443;1;79,9;;242;;
45846;48444;1;119,9;;146;;
45846;48444;1;17,9;;43;;
45846;48444;2;29,9;;37;;
45846;48444;1;24,9;;38;;
45846;48445;1;85,9;;90;;
45846;48446;1;34,9;;31;;
45846;48447;1;34,9;;31;;
45846;48447;1;34,9;;31;;
45846;48448;1;85,9;;243;;
45846;48449;1;68,9;;88;;
45846;48450;1;84,9;;89;;
45846;48451;1;36,9;;19;;
45846;48451;1;31,9;;30;;
45846;48451;1;6,9;;338;;
45846;48451;1;5,9;;13;;
45846;48452;1;109,9;;147;;
45846;48452;1;5,9;;13;;
45847;48453;1;84,9;;89;;
45847;48454;1;69,9;;90;;
45847;48455;2;18,9;;44;;
45847;48455;2;11,9;;75;;
45847;48455;1;24,9;;42;;
45847;48456;1;9,9;;74;;
45847;48456;1;25,9;;15;;
45847;48456;1;9,9;;207;;
45847;48457;3;7,9;;217;;
45847;48457;1;6,9;;338;;
45847;48458;1;36,9;;19;;
45847;48458;1;35,9;;21;;
45847;48459;1;85,9;;90;;
45847;48459;3;6,8;;8;;
45847;48460;1;84,9;;89;;
45847;48460;1;69,9;;90;;
45847;48460;1;39,9;;27;;
45847;48461;1;31,9;;30;;
45847;48461;1;31,9;;30;;
45847;48462;2;26,9;;24;;
45847;48463;1;34,9;;33;;
45847;48464;1;68,9;;88;;
45847;48465;1;95,9;;91;;
45847;48466;1;95,9;;91;;
45847;48467;1;39,9;;33;;
45847;48467;1;33,9;;25;;
45847;48468;1;109,9;;147;;
45847;48469;1;34,9;;33;;
45847;48469;1;14,9;;41;;
45847;48468;1;15,7;;215;;
45847;48470;1;85,9;;90;;
45847;48473;1;115,9;;91;;
45847;48474;1;54,89;;88;;
45847;48474;1;32,9;;332;;
45847;48472;1;119,9;;146;;
45847;48475;1;33,9;;31;;
45847;48476;1;85,9;;90;;
45847;48476;1;24,9;;47;;
45847;48476;1;78,9;;335;;
45847;48478;1;54,89;;88;;
45847;48479;1;54,89;;88;;
45848;48480;1;42,9;;35;;
45848;48481;1;29,9;;219;;
45848;48481;1;55,9;;143;;
45848;48481;1;33,9;;31;;
45848;48482;1;39,9;;33;;
45848;48483;1;119,9;;146;;
45848;48484;1;119,9;;146;;
45848;48484;1;15,7;;215;;
45848;48484;1;25,9;;23;;
45848;48485;1;85,9;;243;;
45848;48485;1;36,9;;19;;
45848;48486;1;95,9;;91;;
45848;48486;1;49,9;;127;;
45848;48487;1;68,9;;88;;
45848;48488;1;64,9;;335;;
45849;48489;1;25,9;;23;;
45849;48490;1;19,9;;219;;
45849;48490;1;10,9;;76;;
45849;48491;1;49,9;;127;;
45849;48491;1;26,9;;36;;
45849;48492;1;97,9;;337;;
45849;48492;1;5,9;;6;;
45849;48493;1;78,9;;335;;
45849;48493;1;33,9;;24;;
45849;48493;1;2;;84;;
45849;48493;1;37,9;;22;;
45849;48493;1;2;;84;;
45849;48493;1;6,8;;12;;
45849;48494;1;15,9;;46;;
45849;48494;1;29,9;;332;;
45849;48494;1;0,01;;50;;
45849;48495;1;85,9;;243;;
45849;48495;1;3,9;;10;;
45849;48496;1;119,9;;146;;
45849;48497;1;14,9;;48;;
45849;48497;1;36,9;;19;;
45849;48497;1;44,9;;211;;
45849;48497;1;8,9;;86;;
45849;48498;1;69,9;;90;;
45849;48498;1;12,9;;70;;
45849;48499;1;46,9;;136;;
45849;48500;1;34,9;;31;;
45849;48500;1;6,9;;51;;
45849;48501;1;69,9;;90;;
45849;48503;1;26,9;;24;;
45849;48503;1;36,9;;19;;
45849;48503;1;35,9;;21;;
45849;48502;1;59,9;;88;;
45849;48504;1;44,9;;29;;
45849;48504;1;35,9;;21;;
45849;48504;1;9,9;;74;;
45849;48504;1;9,9;;78;;
45850;48505;1;79,9;;242;;
45850;48506;1;139,7;;146;;
45850;48508;1;95,9;;91;;
45850;48508;1;5,9;;6;;
45850;48509;1;84,9;;89;;
45850;48510;1;95,9;;91;;
45850;48510;1;16,9;;49;;
45850;48511;1;109,9;;147;;
45850;48511;1;64,9;;335;;
45850;48512;1;59,9;;88;;
45850;48513;1;85,9;;243;;
45850;48513;1;12,9;;70;;
45850;48514;1;34,9;;31;;
45850;48513;1;12,9;;70;;
45850;48515;1;78,9;;335;;
45850;48515;1;33,9;;24;;
45850;48515;1;2;;84;;
45850;48515;1;115,9;;91;;
45850;48517;1;85,9;;243;;
45850;48518;1;119,9;;146;;
45850;48519;1;31,9;;30;;
45850;48519;1;4,2;;13;;
45850;48520;1;90,9;;242;;
45850;48521;1;59,9;;88;;
45851;48522;1;95,9;;91;;
45851;48523;1;23,9;;44;;
45851;48523;1;31,9;;30;;
45851;48524;1;95,9;;91;;
45851;48524;1;15,9;;64;;
45851;48524;1;6,9;;56;;
45851;48525;1;95,9;;91;;
45851;48526;1;95,9;;91;;
45851;48526;1;59,9;;88;;
45851;48527;1;85,9;;243;;
45851;48527;1;5,9;;7;;
45851;48528;1;78,9;;335;;
45851;48529;1;78,9;;335;;
45851;48530;1;58,91;;127;;
45852;48531;1;68,9;;88;;
45852;48532;1;34,9;;31;;
45852;48532;1;34,9;;31;;
45852;48532;1;13,9;;78;;
45852;48533;1;69,9;;90;;
45852;48534;1;31,9;;30;;
45852;48534;1;43,9;;35;;
45852;48534;1;11,9;;73;;
45852;48534;1;6,9;;51;;
45852;48536;1;68,9;;88;;
45852;48536;1;14,9;;65;;
45852;48537;1;68,9;;88;;
45852;48537;1;18,9;;41;;
45852;48538;1;95,9;;91;;
45852;48539;1;34,9;;31;;
45852;48540;1;34,9;;33;;
45852;48541;4;6,9;;338;;
45852;48541;1;59,9;;88;;
45852;48535;1;125,9;;147;;
45853;48543;1;16,9;;49;;
45853;48543;1;109,9;;147;;
45853;48543;1;16,9;;49;;
45853;48544;1;97,9;;337;;
45853;48544;1;18,9;;44;;
45853;48544;1;6,9;;55;;
45853;48545;1;85,9;;243;;
45853;48546;1;95,9;;91;;
45853;48546;1;11,9;;68;;
45853;48546;1;9,8;;208;;
45853;48547;1;85,9;;243;;
45853;48548;1;103,9;;243;;
45853;48548;2;13,9;;78;;
45853;48548;1;17,9;;47;;
45853;48547;1;15,7;;215;;
45853;48543;1;39,9;;27;;
45853;48543;1;35,9;;22;;
45853;48549;1;59,9;;88;;
45853;48550;1;85,9;;243;;
45854;48551;1;56,91;;143;;
45854;48551;1;4,2;;9;;
45854;48552;1;26,9;;36;;
45854;48555;1;54,89;;88;;
45854;48557;2;6,9;;338;;
45854;48557;3;7,9;;217;;
45854;48557;1;14,9;;41;;
45854;48557;1;3,9;;6;;
45854;48558;1;95,9;;91;;
45854;48558;1;99,9;;17;;
45854;48558;1;35,9;;21;;
45854;48558;1;3,9;;80;;
45854;48558;1;33;;130;;
45854;48558;1;3,9;;80;;
45854;48559;1;68,9;;88;;
45854;48559;1;42,9;;35;;
45854;48560;1;109,9;;147;;
45854;48561;1;45,9;;32;;
45854;48561;1;109,9;;147;;
45854;48561;1;20,9;;48;;
45854;48561;1;6,9;;50;;
45854;48561;1;24,9;;38;;
45855;48562;1;85,9;;90;;
45855;48564;1;64,9;;335;;
45855;48565;1;34,9;;31;;
45855;48566;1;34,9;;31;;
45855;48567;1;109,9;;147;;
45855;48567;1;32;;45;;
45855;48567;1;22,9;;41;;
45855;48567;1;27,9;;44;;
45855;48568;1;69,9;;90;;
45855;48569;1;31,9;;30;;
45855;48569;1;31,9;;30;;
45855;48569;1;9,8;;208;;
45855;48570;1;223,9;;328;;
45855;48571;1;31,9;;30;;
45855;48572;1;34,9;;33;;
45855;48572;1;3,9;;9;;
45855;48572;1;6,9;;55;;
45855;48573;1;43,51;;134;;
45855;48575;1;119,9;;146;;
45855;48574;1;69,9;;90;;
45855;48576;1;95,9;;91;;
45856;48577;1;68,9;;88;;
45856;48578;1;54,9;;127;;
45856;48580;1;57,91;;145;;
45856;48579;1;59,9;;88;;
45856;48582;1;109,9;;147;;
45856;48582;2;4;;62;;
45856;48583;1;6,9;;338;;
45856;48583;1;6,9;;338;;
45856;48583;1;6,9;;338;;
45856;48583;1;6,9;;338;;
45856;48583;1;24,9;;38;;
45856;48584;1;84,9;;89;;
45856;48585;1;85,9;;243;;
45856;48586;1;95,9;;91;;
45856;48586;1;39,9;;41;;
45856;48586;1;9,8;;208;;
45856;48586;2;10,9;;76;;
45856;48587;1;69,9;;90;;
45856;48587;1;3,9;;9;;
45856;48587;1;24,9;;42;;
45856;48587;1;15,9;;64;;
45856;48588;1;46,9;;136;;
45856;48589;1;34,9;;31;;
45856;48590;1;68,9;;88;;
45856;48591;1;85,9;;243;;
45856;48592;1;119,9;;146;;
45856;48593;1;115,9;;91;;
45856;48593;1;4,2;;6;;
45856;48594;1;25,9;;15;;
45856;48594;1;9,9;;207;;
45856;48595;1;34,9;;31;;
45856;48595;1;6,9;;50;;
45856;48596;1;68,9;;88;;
45856;48597;1;119,9;;146;;
45856;48598;1;69,9;;90;;
45856;48598;1;18,9;;44;;
45857;48600;1;85,9;;243;;
45857;48601;1;31,9;;30;;
45857;48601;2;5,9;;7;;
45857;48600;1;27,9;;44;;
45857;48600;1;9,8;;208;;
45857;48600;1;3,9;;7;;
45857;48602;1;84,9;;89;;
45857;48602;1;5,9;;13;;
45857;48602;4;6,9;;338;;
45857;48603;1;119,9;;146;;
45857;48603;1;27,9;;16;;
45857;48604;1;37,9;;19;;
45857;48604;1;37,9;;22;;
45857;48605;1;119,9;;146;;
45857;48605;1;17,9;;43;;
45857;48605;1;24,9;;38;;
45857;48605;1;29,9;;37;;
45857;48605;1;29,9;;37;;
45857;48606;1;79,9;;242;;
45857;48608;1;69,9;;90;;
45857;48608;1;18,9;;44;;
45857;48609;1;119,9;;17;;
45857;48609;1;17,4;;48;;
45857;48610;1;44,9;;134;;
45857;48612;1;84,9;;89;;
45857;48613;1;78,9;;335;;
45857;48615;1;95,9;;91;;
45857;48618;1;69,9;;90;;
45857;48618;4;25,9;;23;;
45857;48618;1;15,9;;64;;
45858;48619;1;59,9;;88;;
45858;48620;1;85,9;;90;;
45858;48622;1;104,9;;89;;
45858;48623;1;85,9;;243;;
45858;48623;1;26,9;;25;;
45858;48623;1;35,9;;21;;
45858;48623;1;35,9;;22;;
45858;48623;1;4;;62;;
45858;48623;1;5,9;;12;;
45858;48623;1;4;;62;;
45858;48624;1;31,9;;30;;
45858;48625;1;33,9;;24;;
45858;48625;1;33,9;;24;;
45858;48625;1;31,9;;30;;
45858;48626;1;84,9;;89;;
45858;48627;1;109,9;;147;;
45858;48627;1;11,9;;68;;
45858;48628;1;48,9;;130;;
45858;48629;1;34,9;;31;;
45858;48629;1;27,5;;219;;
45858;48630;1;85,9;;90;;
45858;48630;1;34,9;;31;;
45858;48631;1;26,9;;24;;
45858;48631;1;3,9;;82;;
45858;48631;1;39,9;;28;;
45858;48631;1;3,5;;83;;
45858;48631;1;11,9;;73;;
45858;48632;1;34,9;;31;;
45858;48633;1;64,9;;335;;
45858;48633;1;24,9;;42;;
45858;48634;1;85,9;;243;;
45858;48634;1;35,9;;21;;
45858;48635;1;115,9;;91;;
45858;48638;1;69,9;;90;;
45858;48638;1;5,9;;13;;
45858;48638;1;14,9;;41;;
45858;48638;1;15,9;;65;;
45858;48639;1;69,9;;90;;
45858;48640;1;55,9;;143;;
45858;48640;1;9,8;;208;;
45858;48640;1;24,9;;38;;
45858;48641;1;3,9;;80;;
45858;48642;1;59,9;;88;;
45859;48643;2;26,9;;24;;
45859;48644;1;64,9;;335;;
45859;48645;1;119,9;;17;;
45859;48646;1;79,9;;242;;
45859;48647;1;119,9;;146;;
45859;48648;1;33,9;;31;;
45859;48649;1;31,9;;30;;
45859;48649;1;14,9;;64;;
45859;48650;1;95,9;;91;;
45859;48650;1;29,9;;37;;
45859;48651;1;69,9;;90;;
45859;48652;1;31,9;;30;;
45859;48653;1;68,9;;88;;
45860;48654;1;78,9;;335;;
45860;48655;1;68,9;;88;;
45860;48656;1;57,91;;145;;
45860;48656;1;42,9;;35;;
45860;48657;1;31,9;;30;;
45860;48658;1;90,9;;243;;
45860;48659;1;59,9;;88;;
45860;48659;1;11,9;;68;;
45860;48659;1;26,9;;39;;
45861;48661;1;43,51;;134;;
45861;48660;1;54,89;;88;;
45861;48662;1;84,9;;89;;
45861;48663;1;34,9;;31;;
45861;48664;1;29,9;;332;;
45861;48664;1;0,01;;50;;
45861;48664;1;31,9;;30;;
45861;48665;1;31,9;;30;;
45862;48666;1;69,9;;90;;
45862;48667;1;59,9;;140;;
45862;48667;1;8,9;;86;;
45862;48668;1;33,9;;31;;
45862;48668;1;33,9;;31;;
45862;48669;1;14,9;;41;;
45862;48669;1;20,9;;339;;
45862;48669;1;6,9;;50;;
45862;48670;1;119,9;;146;;
45862;48671;1;68,9;;88;;
45862;48671;1;68,9;;88;;
45862;48671;1;68,9;;88;;
45862;48672;1;95,9;;91;;
45862;48673;1;54,9;;32;;
45862;48674;1;68,9;;88;;
45862;48674;1;34,9;;31;;
45862;48675;1;37,9;;19;;
45862;48676;1;43,51;;134;;
45863;48677;3;7,9;;217;;
45863;48678;1;56,91;;127;;
45863;48679;1;34,9;;31;;
45863;48680;1;59,9;;88;;
45863;48682;1;69,9;;90;;
45863;48682;1;5,9;;9;;
45863;48681;1;109,9;;147;;
45863;48681;1;99,9;;17;;
45863;48683;1;95,9;;91;;
45863;48684;1;31,9;;45;;
45863;48684;1;39,9;;41;;
45863;48684;1;84,9;;89;;
45863;48685;1;79,9;;242;;
45863;48686;1;119,9;;146;;
45863;48686;1;17,9;;43;;
45863;48688;1;85,9;;90;;
45863;48688;1;18,9;;41;;
45863;48688;1;15,9;;46;;
45863;48690;1;119,9;;146;;
45863;48690;1;5,9;;14;;
45863;48690;1;5,9;;10;;
45863;48690;1;44,9;;211;;
45863;48691;1;79,9;;242;;
45863;48692;1;59,9;;88;;
45863;48693;1;95,9;;91;;
45863;48694;1;33,9;;25;;
45863;48694;1;29,9;;39;;
45863;48694;1;41,3;;21;;
45863;48695;1;95,9;;91;;
45863;48696;1;15,9;;66;;
45863;48697;1;54,9;;127;;
45864;48698;1;104,9;;89;;
45864;48699;1;115,9;;91;;
45864;48700;1;84,9;;242;;
45864;48701;1;85,9;;90;;
45864;48701;1;23,9;;48;;
45864;48702;1;119,9;;146;;
45864;48703;1;85,9;;90;;
45864;48704;1;64,9;;335;;
45864;48704;1;14,9;;41;;
45864;48704;1;10,9;;76;;
45864;48705;1;31,9;;30;;
45864;48705;1;6,9;;50;;
45864;48706;1;119,9;;146;;
45864;48707;1;95,9;;91;;
45864;48709;6;7,9;;217;;
45864;48708;1;95,9;;91;;
45864;48710;1;69,9;;90;;
45864;48710;1;27,9;;44;;
45864;48710;1;3,9;;12;;
45864;48710;1;3,9;;214;;
45864;48711;1;14,9;;41;;
45864;48711;1;36,9;;19;;
45864;48711;1;44,9;;211;;
45864;48711;3;6,9;;338;;
45864;48712;1;31,9;;30;;
45864;48712;1;6,9;;50;;
45864;48712;1;6,9;;338;;
45864;48713;1;125,9;;147;;
45864;48714;1;31,9;;30;;
45864;48716;1;95,9;;91;;
45864;48716;1;6,9;;50;;
45865;48717;1;85,9;;90;;
45865;48718;1;78,9;;335;;
45865;48719;1;68,9;;88;;
45865;48720;1;37,9;;19;;
45865;48720;1;42,9;;27;;
45865;48721;1;199,9;;331;;
45865;48722;1;103,9;;243;;
45865;48723;1;69,9;;90;;
45865;48723;1;15,9;;47;;
45865;48723;1;9,8;;208;;
45865;48724;1;78,9;;335;;
45865;48725;1;54,9;;32;;
45865;48725;1;25,9;;15;;
45865;48725;1;9,9;;207;;
45865;48726;1;36,9;;20;;
45865;48726;1;45,9;;32;;
45865;48726;1;17,9;;43;;
45865;48726;1;59,9;;88;;
45865;48726;1;35,9;;22;;
45865;48726;1;29,9;;27;;
45865;48727;1;119,9;;146;;
45865;48727;1;5,9;;8;;
45865;48728;1;109,9;;147;;
45865;48729;1;85,9;;243;;
45865;48731;1;69,9;;90;;
45865;48731;1;84,9;;89;;
45865;48732;1;43,9;;136;;
45865;48732;1;26,9;;24;;
45865;48732;1;10,9;;76;;
45865;48733;1;109,9;;147;;
45865;48729;1;5,9;;8;;
45865;48729;1;5,9;;6;;
45865;48734;1;95,9;;91;;
45865;48734;1;95,9;;91;;
45865;48735;1;119,9;;146;;
45865;48735;1;5,9;;10;;
45865;48736;1;59,9;;88;;
45865;48737;1;59,9;;88;;
45865;48734;1;15,9;;64;;
45865;48739;1;119,9;;146;;
45865;48739;1;5,9;;14;;
45865;48739;1;5,9;;10;;
45865;48746;1;97,9;;337;;
45865;48746;1;0,01;;6;;
45865;48747;1;54,9;;127;;
45866;48748;1;123,9;;18;;
45866;48749;1;69,9;;90;;
45866;48750;1;119,9;;146;;
45866;48751;1;84,9;;89;;
45866;48751;1;5,9;;11;;
45868;48752;1;14,9;;48;;
45868;48752;1;22,9;;41;;
45868;48752;1;36,9;;19;;
45868;48752;1;69,9;;90;;
45868;48752;1;3,9;;12;;
45868;48752;1;3,9;;6;;
45868;48752;1;3,9;;8;;
45868;48752;1;3,9;;214;;
45868;48752;1;3,9;;13;;
45868;48752;1;35,9;;22;;
45868;48753;1;6,9;;50;;
45868;48753;1;14,9;;41;;
45868;48753;1;6,9;;50;;
45868;48754;1;31,9;;30;;
45868;48755;1;79,9;;242;;
45868;48756;1;85,9;;243;;
45868;48756;1;14,9;;41;;
45868;48757;1;84,9;;89;;
45868;48758;1;119,9;;146;;
45868;48759;1;34,9;;31;;
45868;48760;1;104,9;;89;;
45868;48761;1;84,9;;89;;
45868;48762;1;34,9;;31;;
45868;48763;3;7,9;;217;;
45868;48761;1;56,9;;42;;
45868;48764;1;85,9;;243;;
45868;48764;1;36,9;;19;;
45869;48765;1;33,9;;24;;
45869;48767;1;199,9;;331;;
45869;48768;1;119,9;;146;;
45869;48768;1;15,7;;215;;
45869;48769;1;34,9;;31;;
45869;48770;1;69,9;;90;;
45869;48771;1;26,9;;38;;
45869;48771;1;42,9;;35;;
45869;48772;1;68,9;;88;;
45869;48772;1;9,9;;74;;
45869;48773;1;115,9;;91;;
45869;48773;1;25,9;;41;;
45869;48774;1;31,9;;30;;
45869;48774;1;34,9;;33;;
45869;48774;1;18,9;;44;;
45869;48774;1;11,9;;75;;
45869;48775;1;59,9;;88;;
45869;48775;1;22,9;;41;;
45869;48775;2;12,9;;46;;
45869;48775;1;15,9;;65;;
45869;48776;1;20,9;;48;;
45869;48778;1;11,9;;73;;
45869;48779;1;119,9;;146;;
45869;48779;1;5,9;;10;;
45869;48779;1;0,01;;14;;
45870;48780;1;79,9;;242;;
45870;48781;1;97,9;;337;;
45870;48782;1;79,9;;242;;
45870;48783;1;85,9;;90;;
45870;48784;4;6,9;;338;;
45870;48785;1;99,8;;128;;
45870;48785;1;3,9;;214;;
45870;48785;1;3,9;;9;;
45870;48787;1;119,9;;146;;
45870;48788;1;58,91;;127;;
45870;48788;1;3,9;;80;;
45870;48789;1;39,9;;27;;
45870;48789;1;14,9;;41;;
45871;48790;1;26,9;;24;;
45871;48790;1;9,9;;78;;
45871;48791;1;104,9;;18;;
45871;48791;1;9,9;;78;;
45871;48791;1;6,9;;50;;
45871;48792;1;103,9;;243;;
45871;48792;1;25,9;;15;;
45871;48792;1;4,2;;214;;
45871;48793;1;54,9;;127;;
45871;48794;1;26,9;;24;;
45871;48794;1;3,9;;82;;
45871;48794;1;39,9;;28;;
45871;48794;1;11,9;;75;;
45871;48795;1;31,9;;30;;
45871;48795;1;9,9;;74;;
45871;48796;1;104,9;;18;;
45871;48796;1;85,9;;243;;
45871;48796;1;12,9;;70;;
45871;48797;1;35,9;;22;;
45871;48797;1;35,9;;22;;
45871;48797;1;27,9;;44;;
45871;48798;1;119,9;;146;;
45871;48798;1;17,9;;43;;
45871;48798;1;24,9;;38;;
45871;48798;1;26,9;;39;;
45871;48798;1;29,9;;37;;
45871;48799;1;6,9;;55;;
45871;48800;1;95,9;;91;;
45871;48800;1;69,9;;90;;
45871;48801;1;10,9;;76;;
45871;48801;1;39,9;;33;;
45871;48802;1;95,9;;91;;
45871;48800;2;12,9;;70;;
45871;48803;1;115,9;;91;;
45871;48805;1;69,9;;90;;
45871;48805;1;12,9;;46;;
45871;48805;1;39,9;;27;;
45871;48805;1;14,9;;41;;
45871;48805;1;26,9;;24;;
45871;48805;1;3,9;;214;;
45871;48806;1;109,9;;147;;
45871;48807;1;85,9;;243;;
45871;48807;1;15,7;;215;;
45871;48807;1;4;;62;;
45871;48808;1;95,9;;91;;
45871;48806;1;22,9;;41;;
45871;48809;1;59,9;;88;;
45871;48810;1;119,9;;146;;
45871;48810;1;5,9;;10;;
45871;48810;1;15,7;;215;;
45871;48810;1;14,9;;48;;
45871;48810;1;4;;62;;
45871;48810;1;15,7;;215;;
45871;48810;1;14,9;;41;;
45871;48811;1;33,9;;24;;
45871;48811;1;3,5;;80;;
45871;48811;1;2;;84;;
45871;48811;1;37,9;;22;;
45871;48811;1;2;;84;;
45871;48811;1;37,9;;22;;
45871;48811;1;2;;84;;
45872;48812;1;79,9;;242;;
45872;48813;1;29,9;;42;;
45872;48814;1;115,9;;91;;
45872;48814;1;39,9;;48;;
45872;48815;1;45,9;;34;;
45872;48815;1;6,9;;50;;
45872;48817;1;64,9;;335;;
45872;48817;1;3,9;;13;;
45872;48818;1;34,9;;31;;
45872;48818;1;34,9;;31;;
45872;48818;1;34,9;;31;;
45872;48819;1;25,9;;15;;
45872;48819;1;9,9;;207;;
45872;48820;1;4,2;;11;;
45872;48820;1;78,9;;335;;
45872;48821;1;24,9;;38;;
45872;48821;1;26,9;;39;;
45872;48823;1;44,9;;211;;
45872;48823;1;8,9;;86;;
45872;48823;1;44,9;;29;;
45872;48823;1;39,9;;27;;
45872;48822;1;33,9;;31;;
45872;48822;1;22,9;;41;;
45872;48824;1;69,9;;90;;
45872;48825;1;119,9;;146;;
45872;48826;1;33,9;;31;;
45872;48827;1;85,9;;243;;
45872;48827;1;4;;62;;
45872;48828;1;59,9;;88;;
45872;48828;1;11,9;;68;;
45872;48828;1;24,9;;38;;
45872;48828;1;26,9;;39;;
45873;48829;1;34,9;;31;;
45873;48830;1;29,9;;39;;
45873;48830;1;57,91;;140;;
45873;48832;1;68,9;;88;;
45873;48831;1;139,8;;146;;
45873;48833;1;31,9;;30;;
45873;48833;1;13,7;;75;;
45873;48834;1;69,9;;90;;
45873;48836;1;95,9;;91;;
45873;48838;1;33,9;;24;;
45873;48839;1;34,9;;31;;
45873;48840;1;31,9;;30;;
45873;48840;1;6,9;;56;;
45874;48841;1;104,9;;89;;
45874;48841;1;14,9;;65;;
45874;48842;1;103,9;;243;;
45874;48843;1;84,9;;89;;
45874;48844;1;125,9;;147;;
45874;48845;1;54,9;;34;;
45874;48846;1;34,9;;31;;
45874;48847;1;69,9;;90;;
45874;48848;1;48,9;;28;;
45874;48848;1;139,7;;146;;
45874;48849;1;22,9;;41;;
45874;48849;1;6,9;;50;;
45875;48850;1;99,8;;127;;
45875;48851;1;43,51;;134;;
45875;48852;1;46,9;;136;;
45875;48853;1;54,89;;88;;
45875;48854;1;54,89;;88;;
45875;48854;1;24,9;;38;;
45875;48855;1;68,9;;88;;
45875;48857;1;31,9;;30;;
45875;48858;1;64,9;;335;;
45875;48858;2;20,9;;339;;
45875;48858;2;6,9;;50;;
45875;48858;1;6,9;;55;;
45875;48858;1;25,9;;15;;
45875;48858;1;27,9;;44;;
45875;48859;1;39,9;;27;;
45875;48859;1;14,9;;41;;
45875;48860;2;33,9;;24;;
45875;48860;1;33,9;;25;;
45875;48860;1;37,9;;22;;
45875;48860;1;42,9;;27;;
45875;48861;1;79,9;;242;;
45875;48861;1;5,9;;13;;
45876;48862;1;26,9;;36;;
45876;48862;3;15,7;;215;;
45876;48863;1;56,91;;127;;
45876;48863;1;42,9;;35;;
45876;48864;1;59,9;;88;;
45876;48864;1;14,9;;41;;
45876;48864;1;3,9;;9;;
45876;48865;1;59,9;;88;;
45876;48866;1;34,9;;31;;
45876;48868;1;115,9;;91;;
45876;48868;1;38,9;;42;;
45876;48869;1;59,9;;88;;
45876;48870;1;119,9;;146;;
45876;48871;1;68,9;;88;;
45876;48873;1;58,91;;127;;
45876;48874;1;102,9;;243;;
45876;48876;1;31,9;;30;;
45876;48875;1;139,8;;146;;
45877;48877;1;68,9;;88;;
45877;48878;1;69,9;;90;;
45877;48879;1;125,9;;147;;
45877;48880;1;29,9;;42;;
45877;48880;1;41,3;;21;;
45877;48881;1;43,9;;35;;
45877;48882;1;33,9;;25;;
45877;48883;1;69,9;;90;;
45877;48883;1;18,9;;44;;
45877;48883;1;9,9;;78;;
45877;48883;1;6,9;;50;;
45877;48884;1;59,9;;88;;
45877;48885;1;90,9;;242;;
45877;48887;1;3,9;;80;;
45877;48887;1;139,8;;146;;
45877;48883;1;3,9;;6;;
45878;48888;1;68,9;;88;;
45878;48888;1;25,9;;15;;
45878;48889;1;37,9;;22;;
45878;48889;1;2;;84;;
45878;48889;1;18,9;;41;;
45878;48889;1;37,9;;19;;
45878;48889;1;2;;84;;
45878;48890;1;33,9;;31;;
45878;48890;1;26,9;;24;;
45878;48890;1;31,9;;45;;
45878;48891;1;34,9;;31;;
45878;48891;1;33,9;;24;;
45878;48892;1;85,9;;90;;
45878;48893;1;103,9;;243;;
45878;48893;1;25,9;;15;;
45878;48893;1;4,2;;214;;
45878;48894;1;69,9;;90;;
45878;48894;1;15,9;;64;;
45878;48895;1;133,81;;242;;
45878;48895;1;3;;82;;
45878;48896;1;84,9;;89;;
45878;48896;1;22,9;;41;;
45878;48896;2;12,9;;46;;
45878;48896;1;4;;62;;
45878;48898;1;59,9;;88;;
45878;48898;1;11,9;;68;;
45878;48900;1;64,9;;335;;
45878;48900;1;64,9;;335;;
45878;48900;2;5,9;;12;;
45878;48901;1;95,9;;91;;
45878;48903;1;84,9;;89;;
45878;48903;1;15,9;;64;;
45878;48904;1;59,9;;88;;
45878;48904;1;11,9;;75;;
45878;48904;1;11,9;;73;;
45878;48905;1;34,9;;31;;
45878;48905;1;125,9;;147;;
45878;48906;1;85,9;;90;;
45878;48907;1;78,9;;335;;
45878;48907;1;115,82;;140;;
45878;48908;1;36,9;;19;;
45878;48908;1;15,9;;65;;
45878;48908;1;69,9;;90;;
45878;48910;1;69,9;;90;;
45878;48910;2;27,9;;16;;
45878;48910;2;24,9;;38;;
45879;48912;1;31,9;;45;;
45879;48912;1;33,9;;31;;
45879;48912;1;33,9;;31;;
45879;48912;1;26,9;;24;;
45879;48913;1;31,9;;30;;
45879;48914;1;23,9;;48;;
45879;48914;1;6,8;;8;;
45879;48915;1;54,9;;127;;
45879;48916;1;31,9;;30;;
45879;48917;1;6,8;;12;;
45879;48917;1;6,8;;8;;
45879;48918;1;78,9;;335;;
45879;48918;1;23,9;;48;;
45879;48918;1;57,9;;42;;
45879;48919;1;78,9;;335;;
45879;48920;1;115,9;;91;;
45879;48921;1;37,9;;19;;
45879;48921;1;39,9;;20;;
45879;48921;1;37,9;;22;;
45879;48922;1;35,9;;42;;
45879;48922;4;6,9;;338;;
45879;48923;1;54,9;;127;;
45879;48925;1;103,9;;243;;
45879;48928;1;119,9;;146;;
45879;48928;1;11,9;;68;;
45879;48928;1;11,9;;75;;
45879;48917;1;125,9;;147;;
45879;48930;1;26,9;;24;;
45879;48930;1;3,5;;83;;
45879;48930;1;26,9;;24;;
45879;48930;1;3,5;;83;;
45879;48930;1;3,9;;8;;
45880;48931;1;26,9;;24;;
45880;48931;1;3,5;;83;;
45880;48931;1;26,9;;24;;
45880;48931;1;3,5;;83;;
45880;48931;2;3,9;;8;;
45880;48932;1;31,9;;30;;
45880;48932;1;6,9;;50;;
45880;48933;1;34,9;;31;;
45880;48934;1;26,9;;36;;
45880;48934;1;18,9;;44;;
45880;48935;1;78,9;;335;;
45880;48936;1;31,9;;30;;
45880;48937;1;42,9;;27;;
45880;48937;1;37,9;;19;;
45880;48937;1;34,9;;31;;
45881;48938;1;24,9;;42;;
45881;48938;1;5,9;;214;;
45881;48938;1;3,9;;8;;
45881;48939;1;78,9;;335;;
45881;48940;1;64,9;;335;;
45881;48940;1;18,9;;44;;
45881;48942;1;223,9;;328;;
45881;48942;1;15,9;;66;;
45881;48942;1;15,9;;65;;
45881;48942;1;104,9;;18;;
45881;48942;1;9,9;;78;;
45881;48942;1;9,9;;74;;
45881;48943;1;84,9;;89;;
45881;48944;1;85,9;;243;;
45882;48945;1;34,9;;31;;
45882;48946;1;54,9;;127;;
45882;48947;1;25,9;;15;;
45882;48947;1;33,9;;25;;
45882;48948;1;68,9;;88;;
45882;48948;1;68,9;;88;;
45882;48949;1;54,89;;88;;
45882;48950;1;115,9;;91;;
45883;48951;1;59,9;;88;;
45883;48951;1;11,9;;75;;
45883;48952;1;25,9;;15;;
45883;48952;1;9,9;;207;;
45883;48953;1;69,9;;90;;
45883;48951;1;12,9;;70;;
45883;48951;1;6,9;;50;;
45883;48951;1;4;;62;;
45883;48954;1;119,9;;146;;
45883;48955;1;109,9;;147;;
45883;48956;1;39,9;;27;;
45883;48956;1;39,9;;27;;
45883;48956;1;24,9;;42;;
45883;48956;1;11,9;;75;;
45883;48956;1;18,9;;44;;
45883;48956;1;18,9;;44;;
45883;48958;1;56,9;;42;;
45883;48958;1;56,9;;42;;
45883;48958;1;3,9;;6;;
45883;48958;1;64,9;;335;;
45883;48960;1;14,9;;48;;
45883;48960;1;64,9;;335;;
45883;48960;1;5,9;;8;;
45883;48960;1;5,9;;13;;
45884;48961;1;83,9;;242;;
45884;48962;1;29,9;;219;;
45884;48962;1;16,9;;49;;
45884;48962;2;26,9;;24;;
45884;48962;1;5,9;;12;;
45884;48962;1;5,9;;14;;
45884;48963;1;95,9;;91;;
45884;48964;1;119,9;;146;;
45884;48966;1;34,9;;33;;
45884;48966;1;15;;45;;
45884;48968;1;95,9;;91;;
45884;48969;1;29,9;;332;;
45884;48969;1;0,01;;50;;
45884;48969;1;109,8;;127;;
45884;48972;1;119,9;;146;;
45884;48973;1;95,9;;91;;
45884;48974;1;109,9;;147;;
45884;48974;1;16,9;;49;;
45884;48974;2;12,9;;70;;
45884;48974;1;3,9;;7;;
45884;48975;1;59,9;;88;;
45884;48974;2;12,9;;70;;
45884;48976;1;139,8;;146;;
45884;48977;1;99,9;;17;;
45884;48977;1;69,9;;90;;
45884;48978;1;104,9;;89;;
45884;48977;1;15,9;;64;;
45885;48979;1;79,9;;242;;
45885;48980;1;68,9;;88;;
45885;48980;1;4,2;;9;;
45885;48980;1;4,2;;13;;
45885;48981;1;85,9;;90;;
45885;48982;1;119,9;;146;;
45885;48983;1;33,9;;31;;
45885;48983;1;6,9;;55;;
45885;48984;1;69,9;;90;;
45885;48985;1;58,91;;127;;
45885;48985;1;34,9;;31;;
45885;48986;1;103,9;;243;;
45885;48986;1;25,9;;15;;
45885;48986;1;4,2;;214;;
45885;48987;1;59,9;;88;;
45885;48987;1;14,9;;41;;
45885;48989;1;95,9;;91;;
45885;48990;1;64,9;;335;;
45885;48991;1;34,9;;31;;
45885;48993;1;95,9;;91;;
45886;48995;1;119,9;;146;;
45886;48996;1;78,9;;335;;
45886;48997;1;49,9;;128;;
45886;48998;1;85,9;;243;;
45886;48999;1;14,9;;41;;
45886;48999;1;10,9;;76;;
45886;48999;1;64,9;;335;;
45886;49000;1;34,9;;31;;
45886;49001;1;41,3;;21;;
45886;49001;1;2;;85;;
45886;49001;1;42,9;;35;;
45886;49003;1;69,9;;90;;
45886;49004;1;5,9;;14;;
45886;49004;1;5,9;;8;;
45886;49004;1;3,9;;14;;
45886;49002;1;69,9;;90;;
45886;49002;1;5,9;;7;;
45886;49005;1;32,9;;332;;
45886;49005;1;2,5;;12;;
45886;49005;1;2,5;;8;;
45886;49006;1;119,9;;146;;
45886;49007;1;95,9;;91;;
45886;49007;1;3,9;;13;;
45886;49007;1;5,9;;8;;
45886;49008;1;85,9;;243;;
45886;49008;1;3,9;;12;;
45886;49011;1;59,9;;88;;
45886;49011;1;6,9;;338;;
45887;49012;1;84,9;;89;;
45887;49013;1;48,9;;132;;
45887;49013;1;26,9;;39;;
45887;49014;1;95,9;;91;;
45887;49014;1;31,9;;45;;
45887;49014;1;45,9;;34;;
45887;49015;1;64,9;;335;;
45887;49015;1;4;;62;;
45887;49016;1;34,9;;31;;
45887;49017;1;31,9;;30;;
45887;49018;1;59,9;;88;;
45887;49019;1;78,9;;335;;
45888;49020;1;31,9;;30;;
45888;49021;1;119,9;;146;;
45888;49021;1;25,9;;15;;
45888;49022;1;34,9;;31;;
45888;49022;1;6,9;;50;;
45888;49023;1;69,9;;90;;
45888;49024;1;119,9;;146;;
45888;49024;1;17,9;;43;;
45888;49025;2;7,9;;217;;
45888;49025;1;45,9;;34;;
45888;49025;1;45,9;;32;;
45889;49026;1;31,9;;30;;
45889;49027;1;31,9;;30;;
45889;49028;1;109,9;;147;;
45889;49028;1;12,9;;46;;
45889;49029;1;20,9;;339;;
45889;49029;1;20,9;;339;;
45889;49030;1;20,9;;339;;
45889;49030;1;4;;62;;
45889;49031;1;85,9;;90;;
45889;49032;1;95,9;;91;;
45889;49032;1;5,9;;8;;
45889;49033;1;84,9;;89;;
45889;49033;1;69,9;;90;;
45889;49032;1;41,9;;136;;
45889;49034;1;31,9;;30;;
45889;49034;1;34,9;;31;;
45889;49035;1;54,89;;88;;
45889;49035;1;22,9;;41;;
45889;49036;1;42,9;;134;;
45889;49036;1;39,9;;27;;
45889;49036;1;9,8;;208;;
45889;49037;1;31,9;;30;;
45889;49038;1;26,9;;24;;
45889;49038;1;26,9;;25;;
45889;49036;1;6,9;;56;;
45889;49039;1;119,9;;146;;
45889;49040;1;19,9;;219;;
45889;49040;1;5,5;;55;;
45889;49040;1;25,9;;41;;
45889;49040;1;6,9;;55;;
45890;49041;1;4,2;;13;;
45890;49041;1;9,9;;74;;
45890;49041;1;29,9;;332;;
45890;49041;1;0,01;;50;;
45890;49042;1;68,9;;88;;
45890;49043;1;31,9;;30;;
45890;49043;1;6,9;;50;;
45890;49044;1;14,9;;64;;
45890;49044;1;251,8;;146;;
45890;49045;1;139,8;;146;;
45890;49046;1;14,9;;64;;
45890;49046;1;31,9;;30;;
45890;49047;1;119,9;;146;;
45890;49048;1;34,9;;31;;
45890;49048;1;6,9;;50;;
45891;49049;1;10,9;;76;;
45891;49049;1;29,9;;332;;
45891;49049;1;0,01;;50;;
45891;49051;1;119,9;;146;;
45891;49051;1;18,9;;44;;
45891;49051;1;14,9;;41;;
45891;49052;1;57,91;;140;;
45891;49052;1;8,4;;86;;
45891;49052;1;42,9;;27;;
45891;49052;1;8,9;;86;;
45891;49053;1;119,9;;146;;
45891;49053;1;69,9;;90;;
45891;49054;1;95,9;;91;;
45891;49055;1;95,9;;91;;
45891;49055;1;43,9;;35;;
45891;49056;1;39,9;;27;;
45891;49056;1;12,9;;46;;
45891;49056;1;69,9;;90;;
45891;49056;1;26,9;;24;;
45891;49057;1;26,9;;24;;
45891;49057;2;11,9;;73;;
45891;49057;1;84,9;;89;;
45891;49057;1;4,8;;63;;
45891;49057;1;11,9;;73;;
45891;49058;1;85,9;;243;;
45891;49058;1;3,9;;10;;
45891;49058;1;3,9;;8;;
45891;49059;1;69,9;;90;;
45891;49060;1;103,9;;243;;
45891;49057;1;26,9;;24;;
45891;49061;1;69,9;;90;;
45891;49064;1;84,9;;89;;
45891;49064;1;44,9;;29;;
45892;49065;1;109,9;;147;;
45892;49065;1;3,9;;9;;
45892;49068;1;68,9;;88;;
45892;49067;1;79,9;;242;;
45892;49069;1;33,9;;31;;
45892;49069;1;9,8;;208;;
45892;49070;1;104,9;;18;;
45892;49071;1;31,9;;30;;
45892;49072;1;26,9;;24;;
45892;49072;1;3,9;;82;;
45892;49072;1;69,9;;90;;
45892;49072;1;6,9;;50;;
45892;49072;1;9,9;;78;;
45892;49073;1;109,9;;147;;
45892;49074;1;69,9;;90;;
45892;49074;1;24,9;;42;;
45892;49074;1;24,9;;38;;
45892;49075;1;49,9;;45;;
45892;49075;1;78,9;;335;;
45892;49076;1;85,9;;90;;
45892;49078;1;25,9;;15;;
45892;49078;1;9,9;;207;;
45892;49079;1;95,9;;91;;
45892;49080;1;111,82;;130;;
45892;49080;1;31,9;;30;;
45892;49081;1;108,8;;145;;
45892;49082;1;84,9;;89;;
45892;49082;1;15,7;;215;;
45892;49082;1;15,9;;66;;
45892;49083;1;69,9;;90;;
45892;49083;1;9,8;;208;;
45892;49084;1;33,9;;24;;
45892;49084;1;31,9;;30;;
45892;49085;1;33,9;;24;;
45892;49085;1;42,9;;27;;
45892;49085;1;37,9;;22;;
45892;49085;2;2;;84;;
45893;49086;1;119,9;;146;;
45893;49087;1;34,9;;33;;
45893;49086;2;15,7;;215;;
45893;49088;1;79,9;;242;;
45893;49089;1;85,9;;90;;
45893;49086;1;6,9;;50;;
45893;49090;1;25,9;;15;;
45893;49090;1;9,9;;207;;
45893;49091;1;85,9;;90;;
45893;49091;2;10,9;;76;;
45893;49091;1;27,5;;219;;
45893;49091;1;29,9;;39;;
45893;49092;1;31,9;;30;;
45893;49092;1;68,9;;88;;
45893;49093;1;95,9;;91;;
45893;49094;1;29,9;;332;;
45893;49094;1;0,01;;50;;
45893;49095;1;45,9;;34;;
45893;49096;1;79,9;;242;;
45893;49097;1;69,9;;90;;
45893;49098;1;27,5;;219;;
45893;49098;1;31,9;;30;;
45893;49098;1;6,9;;51;;
45893;49099;1;25,9;;41;;
45893;49099;1;29,9;;37;;
45893;49101;1;49,9;;127;;
45893;49101;2;7,9;;217;;
45893;49101;1;6,9;;338;;
45893;49102;1;25,9;;15;;
45893;49102;1;31,9;;30;;
45893;49103;1;49;;140;;
45893;49103;1;3,5;;83;;
45893;49100;1;125,9;;147;;
45893;49104;1;31,9;;30;;
45893;49104;1;14,9;;64;;
45893;49103;1;15,9;;73;;
45895;49105;1;55,9;;140;;
45895;49106;1;37,9;;22;;
45895;49106;1;54,9;;127;;
45895;49107;1;59,9;;88;;
45895;49109;1;68,9;;88;;
45895;49110;1;29,9;;332;;
45895;49110;1;0,01;;50;;
45895;49111;1;139,8;;146;;
45895;49112;1;29,9;;31;;
45895;49112;2;4,8;;63;;
45895;49112;1;26,9;;39;;
45895;49113;1;15,9;;64;;
45895;49113;1;64,9;;335;;
45896;49114;1;37,9;;19;;
45896;49114;1;9,9;;74;;
45896;49115;1;33,9;;25;;
45896;49116;1;54,89;;88;;
45896;49117;1;97,9;;337;;
45896;49118;1;68,9;;88;;
45897;49120;1;46,9;;136;;
45897;49124;1;79,9;;242;;
45897;49125;1;39,9;;27;;
45897;49125;1;24,9;;42;;
45897;49125;1;18,9;;44;;
45897;49125;1;18,9;;44;;
45897;49125;2;11,9;;75;;
45897;49126;1;95,9;;91;;
45897;49127;1;119,9;;146;;
45897;49127;1;14,9;;41;;
45897;49119;1;139,8;;146;;
45897;49128;1;31,9;;30;;
45897;49129;1;69,9;;90;;
45898;49130;1;25,9;;15;;
45898;49130;1;6,9;;50;;
45898;49131;1;85,9;;90;;
45898;49131;1;48,9;;28;;
45898;49131;1;6,9;;50;;
45898;49131;1;6,9;;51;;
45898;49132;1;25,9;;15;;
45898;49132;1;9,9;;207;;
45898;49132;1;54,9;;127;;
45898;49132;1;14,9;;65;;
45898;49133;1;95,9;;91;;
45898;49133;1;32;;45;;
45898;49134;1;59,9;;88;;
45898;49135;1;59,9;;88;;
45898;49136;1;119,9;;146;;
45898;49136;2;4,8;;63;;
45898;49138;1;26,9;;36;;
45898;49138;1;18,9;;44;;
45899;49139;1;69,9;;90;;
45899;49139;1;39,9;;27;;
45899;49139;1;25,9;;23;;
45899;49140;1;35,9;;42;;
45899;49140;1;44,9;;211;;
45899;49140;1;3,5;;83;;
45899;49140;1;3,5;;85;;
45899;49141;1;59,9;;88;;
45899;49142;1;97,9;;337;;
45899;49143;1;119,9;;17;;
45899;49143;1;119,9;;17;;
45899;49144;1;104,9;;18;;
45899;49145;1;103,9;;243;;
45899;49145;1;25,9;;15;;
45899;49145;1;4,2;;6;;
45899;49146;1;119,9;;146;;
45899;49146;5;7,9;;217;;
45899;49146;1;5,9;;8;;
45899;49147;1;119,9;;146;;
45899;49149;1;95,9;;91;;
45899;49148;1;119,9;;146;;
45899;49150;1;34,9;;31;;
45899;49152;1;103,9;;243;;
45899;49152;1;34,9;;31;;
45899;49152;1;10,8;;208;;
45899;49152;2;15,9;;46;;
45899;49153;1;119,9;;146;;
45899;49154;1;119,9;;146;;
45899;49155;1;69,9;;90;;
45899;49156;1;109,9;;147;;
45899;49157;1;85,9;;90;;
45899;49158;1;99,8;;130;;
45899;49160;1;119,9;;146;;
45899;49161;1;69,9;;90;;
45899;49163;1;85,9;;90;;
45899;49163;1;4,2;;7;;
45899;49163;1;25,9;;41;;
45900;49164;1;59,9;;143;;
45900;49165;1;25,9;;15;;
45900;49165;1;9,9;;207;;
45900;49166;2;26,9;;38;;
45900;49166;1;9,9;;74;;
45900;49167;1;69,9;;90;;
45900;49168;1;115,9;;91;;
45900;49169;1;84,9;;89;;
45900;49170;1;32,9;;332;;
45900;49170;1;2,5;;9;;
45900;49171;1;119,9;;146;;
45900;49172;1;95,9;;91;;
45900;49172;1;95,9;;91;;
45900;49172;1;15,9;;64;;
45900;49172;1;22,9;;41;;
45900;49173;1;35,9;;42;;
45900;49173;1;33,9;;31;;
45900;49173;1;26,9;;24;;
45900;49174;1;58,9;;145;;
45900;49175;1;95,9;;91;;
45900;49176;1;32,9;;332;;
